{"cameraMode":{"drawMode":0,"name":"Shaded","section":"Shading Mode"},"sceneLighting":false,"audioPlay":false,"sceneViewState":{"m_AlwaysRefresh":false,"showFog":true,"showSkybox":false,"showFlares":true,"showImageEffects":true,"showParticleSystems":true,"showVisualEffectGraphs":true,"m_FxEnabled":true},"in2DMode":false,"pivot":{"x":0.2299124002456665,"y":0.4886208176612854,"z":0.5270519256591797},"rotation":{"x":0.12496155500411987,"y":-0.8310990333557129,"z":0.20763076841831208,"w":0.5002272129058838},"size":0.6355225443840027,"orthographic":false}