{"cameraMode":{"drawMode":0,"name":"Shaded","section":"Shading Mode"},"sceneLighting":true,"audioPlay":false,"sceneViewState":{"m_AlwaysRefresh":false,"showFog":true,"showSkybox":true,"showFlares":true,"showImageEffects":true,"showParticleSystems":true,"showVisualEffectGraphs":true,"m_FxEnabled":true},"in2DMode":false,"pivot":{"x":-9.142183303833008,"y":2.3967745304107668,"z":-20.633119583129884},"rotation":{"x":-0.04146569222211838,"y":0.1971171349287033,"z":-0.008344901725649834,"w":-0.9794631004333496},"size":1.4820289611816407,"orthographic":false}