{"cameraMode":{"drawMode":0,"name":"Shaded","section":"Shading Mode"},"sceneLighting":true,"audioPlay":false,"sceneViewState":{"m_AlwaysRefresh":false,"showFog":true,"showSkybox":true,"showFlares":true,"showImageEffects":true,"showParticleSystems":true,"showVisualEffectGraphs":true,"m_FxEnabled":true},"in2DMode":false,"pivot":{"x":25.994449615478517,"y":1.7042229175567628,"z":12.367626190185547},"rotation":{"x":-0.048260774463415149,"y":0.8232912421226502,"z":-0.07082278281450272,"w":-0.5610728859901428},"size":1.588457703590393,"orthographic":false}